{
  "train_loss": [
    24.863941648307513,
    4.275758800246203,
    4.007506622796172,
    3.577064530434462,
    3.039153265057977,
    2.648815399957598,
    2.351922752100453,
    2.1698574462441456,
    2.0469372272491455,
    1.9393109644639208,
    1.8698725448126678,
    1.8070577720733225,
    1.7863019936727582,
    1.742267704660982,
    1.7219250303893365,
    1.697459044716871,
    1.6677429960856258,
    1.6410631498785964,
    1.628858833996509,
    1.5975570694985244,
    1.5914635743704266,
    1.577938428510985,
    1.5493372926939877,
    1.5499708815239395,
    1.5178105851489123,
    1.5126459342220944,
    1.496329418628289,
    1.4923619739838427,
    1.5026252713219705,
    1.4771010399678461,
    1.480828202218326,
    1.4580046992253117,
    1.458825992642816,
    1.449806817562507,
    1.4386490404402437,
    1.4497575576801756,
    1.4111672407937945,
    1.4078274647937292,
    1.3995564956307005,
    1.4111718850737953,
    1.3894730594784734,
    1.3828574292895737,
    1.3915681403651579,
    1.3853891762450286,
    1.3659743383882803,
    1.3683008879118,
    1.368540541710707,
    1.3662937932453871,
    2.0994140878065455,
    2.041860147547803,
    2.0180449058578285,
    1.9859703193345575,
    1.9865410726631867,
    1.9703511162422622,
    1.9401904059758366,
    1.956968530453106,
    1.971855946368325,
    1.9779721185208994,
    1.9289009436812417,
    1.973805984946241
  ],
  "val_loss": [
    4.72731155819363,
    4.532749440934923,
    4.186453994115194,
    3.608972099092272,
    3.1284562428792317,
    2.823196448220147,
    2.623928125699361,
    2.4595729483498467,
    2.4072045432196725,
    2.3183769279056126,
    2.257645090421041,
    2.228754170735677,
    2.2040191014607746,
    2.1697391192118327,
    2.1510526524649727,
    2.1142860015233356,
    2.1014181693394978,
    2.0869462860955132,
    2.0355479054980807,
    2.056009496582879,
    2.065412508116828,
    2.074835099114312,
    2.0380007584889728,
    2.008468270301819,
    2.0250331772698296,
    2.053285823927985,
    1.9924181275897557,
    1.9967689249250624,
    1.9649180756674873,
    1.978488818804423,
    1.9500408596462673,
    1.9824878639645047,
    1.9516560898886786,
    1.978305040465461,
    1.9048468907674154,
    1.9922278377744886,
    1.9619496875339084,
    1.9864972750345866,
    1.9370445489883423,
    1.9321666002273559,
    1.9481545660230848,
    1.9566869603263006,
    1.9306541734271578,
    1.9505184253056844,
    1.9713224119610258,
    1.93397872183058,
    1.9537275870641073,
    1.9417213333977594,
    1.9368897332085504,
    1.9168925762176514,
    1.9650498628616333,
    1.9320771323310004,
    1.9430775403976441,
    2.003211818801032,
    1.919273148642646,
    1.949299971262614,
    1.9401066833072238,
    1.9210920095443726,
    1.9609952661726209,
    1.9616440190209283
  ],
  "val_accuracy": [
    0.0,
    0.0,
    0.0,
    0.0,
    4.84619140625,
    13.8671875,
    21.66748046875,
    29.38232421875,
    30.11474609375,
    33.63938440013991,
    35.986328125,
    36.75537109375,
    37.8173828125,
    38.5498046875,
    40.31982421875,
    40.75927734375,
    41.19873046875,
    42.76123046875,
    43.46923828125,
    44.5697796432319,
    44.03076171875,
    43.84765625,
    44.27490234375,
    45.42236328125,
    45.44677734375,
    44.9951171875,
    46.728515625,
    45.83740234375,
    47.30224609375,
    48.82826162994054,
    48.3642578125,
    48.4619140625,
    48.54736328125,
    48.20556640625,
    50.06103515625,
    48.57177734375,
    49.8779296875,
    48.86474609375,
    49.755859375,
    52.0199370409234,
    50.78125,
    49.79248046875,
    50.87890625,
    50.4638671875,
    49.79248046875,
    50.98876953125,
    50.6103515625,
    50.5859375,
    50.6103515625,
    52.46589716684156,
    48.974609375,
    50.32958984375,
    50.06103515625,
    48.5595703125,
    50.9765625,
    50.10986328125,
    50.244140625,
    51.08642578125,
    49.32861328125,
    51.37285764253235
  ],
  "val_cer": [
    100.0,
    100.0,
    100.0,
    98.65646977127692,
    77.86475070746349,
    57.45342878918306,
    48.19604913812675,
    40.37283605337812,
    39.294323106273886,
    37.08073687271426,
    34.25285304069489,
    33.47728407298721,
    33.14972127075405,
    32.84940979521057,
    31.758914822879763,
    31.206206468047306,
    30.383386800012737,
    29.678995750162727,
    29.408850449499873,
    28.478202804413044,
    28.615250309586266,
    29.06993258342131,
    28.636883542889347,
    27.831116038818628,
    27.664125425355884,
    28.783108280788966,
    27.31290398557241,
    27.77606945056894,
    26.34561247445758,
    25.88212014153408,
    26.032188230064175,
    25.938316207175998,
    26.112763183991177,
    26.127410627837826,
    24.63622818786385,
    25.940973111993582,
    25.150773536088423,
    25.91151966884385,
    24.995639566867535,
    23.79877584423817,
    24.535481755025156,
    24.834258386199274,
    24.50962346256533,
    24.713350185151917,
    25.36573256116712,
    24.549917471670373,
    24.66575428062243,
    24.76018560613285,
    24.668605478541966,
    23.556962981644467,
    25.862842895313577,
    24.83492981356747,
    25.165716490179328,
    26.594926679765496,
    24.500081161152917,
    25.20782820740091,
    24.97732155630105,
    24.468563154781375,
    25.696205570778314,
    24.50038276151221
  ]
}