{
  "train_loss": [
    19.331810911316676,
    3.7967998086057637,
    3.4060486533523147,
    2.849958925225616,
    2.3080244843776407,
    1.738319702817304,
    1.294543792354575,
    1.079226032641139,
    0.9442171242711771,
    0.8564218958308794,
    0.7727369003975553,
    0.705721047803827,
    0.6645579083877451,
    0.6250177981222377,
    0.585699452769972,
    0.5542973088462968,
    0.5234176909626879,
    0.48982700112178856,
    0.4738642458058051,
    0.44348761264015646,
    0.4129700501242914,
    0.4002473306467091,
    0.3715799349398095,
    0.3664866708117912,
    0.3471313564958076,
    0.3313606497726289,
    0.3189688093993998,
    0.3062276622086629,
    0.2936400673373253,
    0.2748004301067661,
    0.2642384674484374,
    0.25691804492096015,
    0.2353195643971139,
    0.23195296903541185,
    0.2217091329362058,
    0.21645290790572425,
    0.2053521114877716,
    0.2090063638884018,
    0.19251962154429422,
    0.18125370436461802,
    0.17963327983250985,
    0.16620361879130835,
    0.16353777932567834,
    0.16186460568590672,
    0.15855396889588413,
    0.14435301372166134,
    0.13994748639237828,
    0.1355783736071975,
    0.13209367391750285,
    0.13023930699543446,
    0.12399667557076091,
    0.12073126501020263,
    0.11413628347555167,
    0.11422977041099136,
    0.11109714135021916,
    0.10702683989851992,
    0.10511697641662343,
    0.10077025490176623,
    0.0987839329128082,
    0.0986148616914296,
    0.09300799335761847,
    0.09451773922839855,
    0.09262177827704816,
    0.08837958871138311,
    0.08954030972361834,
    0.0855847992491803,
    0.08127151857387291,
    0.0818814706706286,
    0.0823009853921325,
    0.07840548191489273,
    0.0808798788890782,
    0.08018290202188141,
    0.07755653545412138,
    0.07587408608592608,
    0.07757350099504803,
    0.07697281036188834,
    0.07840075421387253,
    0.07858533269780524,
    0.07874112668957106,
    0.07909468871992233
  ],
  "val_loss": [
    4.381054700589647,
    3.8709604412901637,
    3.3728063480526793,
    2.744635680142571,
    2.202044685681661,
    1.6346158104784347,
    1.4311384535303302,
    1.2239489800789778,
    1.1796706540911805,
    1.1739325523376465,
    1.1225623324805616,
    1.0867245483632182,
    1.0609390683033888,
    1.071762548942192,
    1.0724305288464415,
    1.0470453378032236,
    1.055352306249095,
    1.047659734884898,
    1.031579079581242,
    1.0097511223718232,
    1.0639463587134492,
    1.0438134728693496,
    1.0948024807023067,
    1.1086679141895444,
    1.126398427813661,
    1.0676152139317756,
    1.05036470878358,
    1.114486800104964,
    1.084958223735585,
    1.1140478755913528,
    1.105568047247681,
    1.0844125414595884,
    1.1185007089493322,
    1.0920956199075662,
    1.1239709713879753,
    1.1405945998780869,
    1.137161794830771,
    1.1539994314605115,
    1.1876002515063566,
    1.1397747712976791,
    1.176363325586506,
    1.1489107053653866,
    1.191601598964018,
    1.1772288937194675,
    1.1923685313439836,
    1.2026800302898182,
    1.243690743750217,
    1.226212893630944,
    1.2314333763777041,
    1.2115671973602444,
    1.2094493040851517,
    1.2201628053889555,
    1.2496958614564408,
    1.2567015868775986,
    1.2498645490291072,
    1.2480527016462064,
    1.25798066164933,
    1.2665880264020433,
    1.276037241898331,
    1.2643126377872391,
    1.2899001638094585,
    1.3178744806962854,
    1.28729066603324,
    1.2987908329449447,
    1.2782763879673154,
    1.2731842316833197,
    1.2999598898139655,
    1.3031829864371056,
    1.2801912152299695,
    1.293031239042095,
    1.309894423274433,
    1.3162829490268932,
    1.3038455405656029,
    1.3125961703412674,
    1.3061710701269262,
    1.2893210070974686,
    1.2930692101226133,
    1.304712341112249,
    1.3045028103332894,
    1.2934693664896721
  ],
  "val_accuracy": [
    0.0,
    0.0,
    0.0,
    0.0,
    0.6060003973773097,
    22.998046875,
    33.837890625,
    37.6953125,
    39.306640625,
    44.704947347506454,
    41.6015625,
    43.06640625,
    45.01953125,
    45.703125,
    50.89409894695013,
    47.65625,
    48.4375,
    47.4609375,
    50.244140625,
    54.629445658652884,
    50.439453125,
    51.5625,
    50.1953125,
    48.681640625,
    53.43731372938605,
    50.830078125,
    52.24609375,
    53.02734375,
    52.001953125,
    56.268627061394795,
    54.19921875,
    53.61328125,
    53.80859375,
    54.39453125,
    57.321676932247165,
    54.150390625,
    54.39453125,
    53.02734375,
    54.39453125,
    58.086628253526726,
    54.345703125,
    56.787109375,
    54.19921875,
    55.126953125,
    58.29525134114842,
    55.56640625,
    55.810546875,
    56.396484375,
    56.34765625,
    58.12636598450228,
    56.201171875,
    56.201171875,
    55.810546875,
    55.078125,
    58.96085833498908,
    56.005859375,
    56.25,
    57.32421875,
    56.4453125,
    60.36161335187761,
    56.494140625,
    56.15234375,
    57.861328125,
    57.6171875,
    60.05364593681701,
    57.6171875,
    56.982421875,
    56.884765625,
    57.91015625,
    59.71587522352474,
    56.34765625,
    56.103515625,
    56.4453125,
    56.396484375,
    59.964236042121996,
    56.93359375,
    57.177734375,
    56.4453125,
    56.201171875,
    60.43115438108484
  ],
  "val_cer": [
    100.0,
    100.0,
    100.0,
    99.98575846354166,
    84.46421406485058,
    41.83058952223989,
    32.421920527389275,
    30.25387725338894,
    29.663048675499855,
    28.842697269553714,
    28.145510766360342,
    27.217407565307898,
    26.174970049481722,
    25.827408810807224,
    25.316860548764154,
    24.629017087513155,
    24.384858305756733,
    25.391608716804008,
    23.341920395143028,
    23.417198479759172,
    23.609370365962146,
    22.98377552894153,
    23.413433896832323,
    24.49793790736171,
    24.572903917675763,
    23.69318032770179,
    22.657789394849903,
    22.32933041893003,
    23.3652686289405,
    22.73099846456473,
    21.666232123995773,
    22.6775637285891,
    22.483815148610017,
    21.77562915600021,
    21.893941868295318,
    21.898386444284853,
    22.131136821078204,
    23.04238296425795,
    22.323943282195184,
    21.634029142656306,
    22.08627106942535,
    20.239188437430595,
    22.2543701144775,
    21.778735587329287,
    22.042862661464074,
    21.657932318332698,
    21.26726693987433,
    21.452836036576233,
    20.82295024311624,
    21.838625665277547,
    20.966220330233973,
    21.104100435155097,
    21.890559256281875,
    22.089281432543135,
    21.36900253024615,
    21.46065170723373,
    21.49343345998618,
    20.700584002585934,
    21.829435619718797,
    20.67187454472153,
    20.95315058205681,
    21.424957827545697,
    20.510091714925682,
    20.539506473344336,
    21.085668525722,
    20.09252547582624,
    20.433374134545975,
    20.590500130295027,
    19.852735832960402,
    21.15192348592686,
    21.0412272460612,
    20.986633266906665,
    20.607719645805542,
    20.850076979227328,
    21.022002134566996,
    20.399040521110802,
    20.686865082617008,
    20.875210401577547,
    21.03421304715246,
    20.639645990736575
  ]
}